"","Df","SumOfSqs","R2","F","Pr(>F)"
"species",6,6.01835779694315,0.416138932536802,55.7150867652852,0.001
"Site",5,0.432310456988198,0.0298920765706122,4.80254888791187,0.001
"Microsite",1,0.0130358316290344,0.000901361674041911,0.724077080267513,0.513
"Site:Microsite",5,0.149200366605988,0.0103164490029242,1.65747102143123,0.08
"Residual",436,7.84947175535397,0.542751180215621,NA,NA
"Total",453,14.4623762075203,1,NA,NA
