"","Df","SumOfSqs","R2","F","Pr(>F)"
"Site",8,26.9408259602691,0.25702387007513,11.7800998519948,0.001
"Microsite",1,1.65164084146868,0.0157571680123864,5.77754937753644,0.001
"Site:Microsite",8,4.47198815540844,0.0426641597524999,1.95541395372733,0.001
"Residual",251,71.7539261231564,0.684554802159984,NA,NA
"Total",268,104.818381080303,1,NA,NA
