"","Df","SumOfSqs","R2","F","Pr(>F)"
"Site",8,16.460793014064,0.161766449524011,5.80402643479331,0.001
"Microsite",1,1.19922085559279,0.0117851977021183,3.3827335249616,0.001
"Site:Microsite",8,3.26770006933216,0.0321129266295732,1.1521812811312,0.084
"Residual",228,80.8288187814792,0.794335426144297,NA,NA
"Total",245,101.756532720468,1,NA,NA
